id,poetry
9e888e53-a6cb-4eca-8321-85b6ba5ca947,"The sun sets low, painting skies of gold,
A gentle breeze whispers stories old."
1da67a47-926e-4a57-b773-c1e91891bd2b,"In quiet woods where shadows dance,
Nature's heart beats in perfect trance."
c4f3e0ed-d242-411b-b40d-1bdb27e78329,"Stars ignite the velvet night,
Guiding wanderers with their light."
cdf7058b-5934-4fb5-9268-8d101d69cbf2,"Rivers flow to distant seas,
Carrying dreams on whispered breeze."
4b15dab5-33a5-4a22-8ac4-409bf7a089b0,"Mountains stand in silent grace,
Watching time's eternal race."
5b62f66e-6b8d-43a2-b86e-37adf4ea37ff,"Flowers bloom in spring's embrace,
Painting earth with vibrant lace."
75f61d0b-811f-4785-ad2a-abc114f17ecd,"Moonlight spills on silver streams,
Fulfilling nature's waking dreams."
12150955-ae48-424d-8b2c-e5aa678e9ef4,"Autumn leaves in golden flight,
Dance away from summer's light."
5da1dd0c-4dfe-436e-bf55-c90c8706fd25,"Winter's breath on frosted pane,
Writes stories of falling rain."
aea503c5-6193-44ac-a676-0e3694accd39,"Spring awakens sleeping earth,
With songs of rebirth and mirth."
990a063d-64dd-4cf4-ade0-fd5043bebc78,"Ocean waves in rhythmic sway,
Tell tales of night and endless day."
77e30f4f-1da1-40e8-b3cf-a6c4816170e7,"Desert winds across the sand,
Carry secrets from ancient land."
db0669be-b842-44af-aae4-3c50472d4108,"Forest deep in emerald green,
Holds magic yet unseen."
e8255b33-e79a-4dd3-b0d4-7252da6fc480,"Morning dew on spider's web,
Catches light from dawn's first tread."
12fedb21-dcc8-4fc5-9863-24e1962b58a8,"Evening stars begin to gleam,
Fulfilling nature's waking dream."
5e915d37-ef3d-47f7-af20-a21c18e367ac,"Thunder rolls across the sky,
As storm clouds gather, passing by."
fb011b8f-14f2-43cf-8366-adca9b0e2c58,"Rainbow arches after rain,
A promise bright, a hope again."
9c0edc9d-56cb-4199-9af0-d272082b859f,"Misty morning on the lake,
Still waters for nature's sake."
e52b4e2d-39b4-48f8-b466-d563a99b1d84,"Golden fields of wheat and corn,
Await autumn's peaceful morn."
cd82f699-c57c-49a0-afc5-1d2292d6bf0e,"The sun sets low, painting skies of gold,
A gentle breeze whispers stories old."
13c3408b-14c2-445d-8a17-9050416b1ff4,"In quiet woods where shadows dance,
Nature's heart beats in perfect trance."
e0b81fd9-b412-41f1-a6f6-f9820e007ea7,"Stars ignite the velvet night,
Guiding wanderers with their light."
6dcb3c04-9b9e-4a4b-ab25-d39fc10d53b9,"Rivers flow to distant seas,
Carrying dreams on whispered breeze."
683f4549-af22-4c5a-80fe-4f8227085258,"Mountains stand in silent grace,
Watching time's eternal race."
ffa756f8-7704-4912-9f62-a6494d8ef756,"Flowers bloom in spring's embrace,
Painting earth with vibrant lace."
261b339f-90ce-46d6-b102-32484858e827,"Moonlight spills on silver streams,
Fulfilling nature's waking dreams."
545ae2cf-c32e-4df7-84b2-1eba91686383,"Autumn leaves in golden flight,
Dance away from summer's light."
2f4e6734-de54-448e-aa10-cddbef6fdf36,"Winter's breath on frosted pane,
Writes stories of falling rain."
124d1210-18f8-49f3-b712-c578ee8817fd,"Spring awakens sleeping earth,
With songs of rebirth and mirth."
bfc94e1e-7035-40f9-b807-beaa7d4f32f4,"Ocean waves in rhythmic sway,
Tell tales of night and endless day."
997b49fa-0df8-472d-a03e-46418fce9b17,"Desert winds across the sand,
Carry secrets from ancient land."
af0f13db-e95f-4f6e-9176-c85befc073d6,"Forest deep in emerald green,
Holds magic yet unseen."
078faecd-2325-424c-b4cb-20991dc83c44,"Morning dew on spider's web,
Catches light from dawn's first tread."
48ad23e1-8c52-4e72-ab80-850f86f3be76,"Evening stars begin to gleam,
Fulfilling nature's waking dream."
92123a37-1591-417f-92db-d43651697626,"Thunder rolls across the sky,
As storm clouds gather, passing by."
86506101-bfcb-4e4e-9bda-65b63130106b,"Rainbow arches after rain,
A promise bright, a hope again."
6aa7e61b-3732-4e08-850a-c5307af9e753,"Misty morning on the lake,
Still waters for nature's sake."
cfedbc07-b888-4e30-ba5a-343f2d9f9970,"Golden fields of wheat and corn,
Await autumn's peaceful morn."
f25fc648-3679-44a8-8adc-09abb8d45731,"The sun sets low, painting skies of gold,
A gentle breeze whispers stories old."
7a7791f6-4c67-44aa-af81-8061e5fc692a,"In quiet woods where shadows dance,
Nature's heart beats in perfect trance."
4767b849-68a1-4532-819a-f941bd53804e,"Stars ignite the velvet night,
Guiding wanderers with their light."
09ab0dc9-d604-455e-94a4-50453e4cfba1,"Rivers flow to distant seas,
Carrying dreams on whispered breeze."
bb9c1e19-69ce-4450-9cc7-5194e0c3f973,"Mountains stand in silent grace,
Watching time's eternal race."
8deb9fbc-8dab-4a69-9ee2-82e20f23d3ef,"Flowers bloom in spring's embrace,
Painting earth with vibrant lace."
75990ebd-1937-4bc2-a0ba-227df98f200e,"Moonlight spills on silver streams,
Fulfilling nature's waking dreams."
50735140-2d70-4eec-be20-1cd224d2b7aa,"Autumn leaves in golden flight,
Dance away from summer's light."
f667c163-2395-4091-9031-f25afc62ac83,"Winter's breath on frosted pane,
Writes stories of falling rain."
d4a61412-2a36-4a1f-9917-0f7b93784ed7,"Spring awakens sleeping earth,
With songs of rebirth and mirth."
fe138609-2fe6-42f9-ad9f-c00fade5a7fa,"Ocean waves in rhythmic sway,
Tell tales of night and endless day."
101c1fe7-1791-4420-aadc-d88e1b37b4b4,"Desert winds across the sand,
Carry secrets from ancient land."
5dd562d2-feb3-4491-ba0c-5bceb0c96fb1,"Forest deep in emerald green,
Holds magic yet unseen."
66acfb29-c1a8-4a92-bc8c-c1026979fdd3,"Morning dew on spider's web,
Catches light from dawn's first tread."
e211803a-afe8-43ba-8444-d33c9a4f0edf,"Evening stars begin to gleam,
Fulfilling nature's waking dream."
e32a53ee-82fc-4a38-a303-176b4da01a5d,"Thunder rolls across the sky,
As storm clouds gather, passing by."
a8440663-ccbf-465c-a72d-66eff25b9f35,"Rainbow arches after rain,
A promise bright, a hope again."
10cb8d1f-6f4b-4cef-9b7d-549626e54fb8,"Misty morning on the lake,
Still waters for nature's sake."
4e7c73b9-eee1-41d9-9b4b-e9496f31117c,"Golden fields of wheat and corn,
Await autumn's peaceful morn."
020012a1-534a-49ab-b181-898b3a14434d,"The sun sets low, painting skies of gold,
A gentle breeze whispers stories old."
346ed82e-da65-4d44-aa7f-fd146ecb690b,"In quiet woods where shadows dance,
Nature's heart beats in perfect trance."
b2abe4a4-7d10-4066-b272-acc7c0b742eb,"Stars ignite the velvet night,
Guiding wanderers with their light."
745d00cf-8179-4a9e-97dc-06ca7fdc1f40,"Rivers flow to distant seas,
Carrying dreams on whispered breeze."
f4d36b57-b39d-4949-98f1-33b6d0cb0df5,"Mountains stand in silent grace,
Watching time's eternal race."
a97a88c9-63e7-4862-b218-3b9247aedee2,"Flowers bloom in spring's embrace,
Painting earth with vibrant lace."
6c79db89-e4ac-4856-aa3c-941852245ed1,"Moonlight spills on silver streams,
Fulfilling nature's waking dreams."
c54dc09f-1fb7-47a3-afa5-dc3caa5d82fb,"Autumn leaves in golden flight,
Dance away from summer's light."
02b4c4eb-fb80-4ada-a07b-21d2da445285,"Winter's breath on frosted pane,
Writes stories of falling rain."
b3690d77-e2d8-44aa-83a4-08ec863dba4c,"Spring awakens sleeping earth,
With songs of rebirth and mirth."
d32357a3-a2dd-4578-b79b-900037ee8de1,"Ocean waves in rhythmic sway,
Tell tales of night and endless day."
e6be39af-5564-4ca4-8e4d-45f05c0b541c,"Desert winds across the sand,
Carry secrets from ancient land."
9b643a03-56d5-45f2-b922-1b06c7a05177,"Forest deep in emerald green,
Holds magic yet unseen."
8af13c83-9ca1-4378-88d5-58147d5b3201,"Morning dew on spider's web,
Catches light from dawn's first tread."
b13f9c01-80a0-42fc-b749-fe23a5fa2e05,"Evening stars begin to gleam,
Fulfilling nature's waking dream."
be7d25f8-657e-40ae-890f-ebbdfe5b6c03,"Thunder rolls across the sky,
As storm clouds gather, passing by."
15c82048-db53-4370-b8f4-2d2a81f608f9,"Rainbow arches after rain,
A promise bright, a hope again."
6633be91-a592-4079-a38b-fd411ecdbe94,"Misty morning on the lake,
Still waters for nature's sake."
494f6c6f-1e94-4c78-afab-480bcc672fda,"Golden fields of wheat and corn,
Await autumn's peaceful morn."
b93eaf48-c365-4f8c-8a13-bada2102e1f4,"The sun sets low, painting skies of gold,
A gentle breeze whispers stories old."
e2b98b64-b710-48eb-a329-1494a779ed75,"In quiet woods where shadows dance,
Nature's heart beats in perfect trance."
d0e4c0b2-6d3a-4b7e-b00f-64186b316b0b,"Stars ignite the velvet night,
Guiding wanderers with their light."
beb8d9df-fcb6-4cd2-8270-7f2b51115c22,"Rivers flow to distant seas,
Carrying dreams on whispered breeze."
7b436ee2-6b62-48e9-a65d-e4ba0899972a,"Mountains stand in silent grace,
Watching time's eternal race."
8ecd1cd4-ba0f-4689-adc7-e1545c7c60a9,"Flowers bloom in spring's embrace,
Painting earth with vibrant lace."
fa4733dc-9559-4ef4-bb53-689904e06ea3,"Moonlight spills on silver streams,
Fulfilling nature's waking dreams."
fbf3d2d1-f668-4708-92a7-660bb189986f,"Autumn leaves in golden flight,
Dance away from summer's light."
dd0c406b-4a82-4d19-9be9-1d0e7b0ad668,"Winter's breath on frosted pane,
Writes stories of falling rain."
7755b2da-8e2e-471a-bc89-4bc30ed947d4,"Spring awakens sleeping earth,
With songs of rebirth and mirth."
b6d3c8ac-94d5-4a20-9f8f-9744dc63c3d4,"Ocean waves in rhythmic sway,
Tell tales of night and endless day."
715f5425-d3dc-486f-a24e-43c0d8f502fb,"Desert winds across the sand,
Carry secrets from ancient land."
9cfc0958-bc30-4fec-ad7e-7cae47e1bd29,"Forest deep in emerald green,
Holds magic yet unseen."
9ae7e444-7d3d-48a5-a7aa-b6c76300c9c0,"Morning dew on spider's web,
Catches light from dawn's first tread."
8da76e9c-7393-40a4-9513-8ab033d0864a,"Evening stars begin to gleam,
Fulfilling nature's waking dream."
c9ea9f9e-aa62-410b-b516-b65438cfa4d4,"Thunder rolls across the sky,
As storm clouds gather, passing by."
514f3838-8d47-4d8d-afa2-f79130cf8c2b,"Rainbow arches after rain,
A promise bright, a hope again."
6bf3a3d0-defe-4743-a918-c374cb349366,"Misty morning on the lake,
Still waters for nature's sake."
ff7aa043-5cc5-465e-92bc-ed55f7b243c7,"Golden fields of wheat and corn,
Await autumn's peaceful morn."
c4682e02-518c-4178-8e37-0e8a3c4bfc36,"The sun sets low, painting skies of gold,
A gentle breeze whispers stories old."
be42062a-f240-46f7-8753-6d7bec91430e,"In quiet woods where shadows dance,
Nature's heart beats in perfect trance."
97693200-5c18-45a2-91f3-d25a44819829,"Stars ignite the velvet night,
Guiding wanderers with their light."
e39eedde-6f08-4e44-98bd-634ca79d4a51,"Rivers flow to distant seas,
Carrying dreams on whispered breeze."
58dd9d9f-9dc9-4287-b604-d0b0dc9f517b,"Mountains stand in silent grace,
Watching time's eternal race."
7ab4d12a-9108-4be5-ada2-03cbf795cd20,"Flowers bloom in spring's embrace,
Painting earth with vibrant lace."
25346c9a-e53f-42b5-8d00-e00ed1d82ac0,"Moonlight spills on silver streams,
Fulfilling nature's waking dreams."
a72b6684-bac3-420f-a868-091fb0b7313d,"Autumn leaves in golden flight,
Dance away from summer's light."
c8b9b07c-29a0-4966-aaaa-abaf64f52961,"Winter's breath on frosted pane,
Writes stories of falling rain."
40a0a7d9-ad2c-4538-8bcd-97097312ff64,"Spring awakens sleeping earth,
With songs of rebirth and mirth."
40d17af1-94e1-4652-8890-f2ea6e4dabc9,"Ocean waves in rhythmic sway,
Tell tales of night and endless day."
28c6202e-8480-48ad-b5e8-472ed53c17ab,"Desert winds across the sand,
Carry secrets from ancient land."
5afbbf55-2694-4ee3-a8ea-934b4abf8a27,"Forest deep in emerald green,
Holds magic yet unseen."
05a4c0ae-0ce9-4f15-927d-4ca2d020eeca,"Morning dew on spider's web,
Catches light from dawn's first tread."
38f63807-12aa-4925-a5dd-d5901855a663,"Evening stars begin to gleam,
Fulfilling nature's waking dream."
deeeafba-1540-4a0d-b657-08da04085b39,"Thunder rolls across the sky,
As storm clouds gather, passing by."
81536e0b-b733-4e68-a126-9f93f3b848f2,"Rainbow arches after rain,
A promise bright, a hope again."
6d3a836f-a21f-4f89-bcda-791a43552da7,"Misty morning on the lake,
Still waters for nature's sake."
bcf292b8-0f4b-4381-bb94-e07f74ec095b,"Golden fields of wheat and corn,
Await autumn's peaceful morn."
66262406-2349-4fab-b1bc-58b6c7b330cf,"The sun sets low, painting skies of gold,
A gentle breeze whispers stories old."
de7620ec-c16f-485f-a8a2-8a75924376fc,"In quiet woods where shadows dance,
Nature's heart beats in perfect trance."
c87d0661-28b9-4190-a0c5-176e2aba6b0b,"Stars ignite the velvet night,
Guiding wanderers with their light."
06dca649-4b67-4818-976b-58518ef4bc40,"Rivers flow to distant seas,
Carrying dreams on whispered breeze."
38a5928c-9055-4bfa-890e-d966c7c13ece,"Mountains stand in silent grace,
Watching time's eternal race."
219e47dc-460f-4b77-a456-cf3b45f7196d,"Flowers bloom in spring's embrace,
Painting earth with vibrant lace."
9d80a31a-674a-4e76-bd39-6ea1c58abec7,"Moonlight spills on silver streams,
Fulfilling nature's waking dreams."
62c89b4f-ae41-4096-b318-4e8bc9f11fcc,"Autumn leaves in golden flight,
Dance away from summer's light."
58dc4918-bdf2-4ab1-8309-2d7efdedfc92,"Winter's breath on frosted pane,
Writes stories of falling rain."
fec05751-b705-4419-b93b-4222dbca2714,"Spring awakens sleeping earth,
With songs of rebirth and mirth."
7caf650d-b43f-480b-a030-5e5118dfc133,"Ocean waves in rhythmic sway,
Tell tales of night and endless day."
8759e1c5-7090-4e3d-bdbf-185ff5bf6c3f,"Desert winds across the sand,
Carry secrets from ancient land."
b82e5235-6b65-4f2f-8b53-e57f9db9c631,"Forest deep in emerald green,
Holds magic yet unseen."
e5bb2809-a5b4-4c52-8557-dc557719898e,"Morning dew on spider's web,
Catches light from dawn's first tread."
4c2961ac-0329-486d-9b46-706fa9bbc609,"Evening stars begin to gleam,
Fulfilling nature's waking dream."
3fadc2e1-12a9-4e4c-b420-5ebe18adae37,"Thunder rolls across the sky,
As storm clouds gather, passing by."
6b0fec29-9df3-4650-9f6b-13ac9109f680,"Rainbow arches after rain,
A promise bright, a hope again."
5b947da1-0aae-4b6d-89fc-a16505e2fc44,"Misty morning on the lake,
Still waters for nature's sake."
dbe52141-dcc2-4b25-9d33-5260cbd71334,"Golden fields of wheat and corn,
Await autumn's peaceful morn."
608cd213-acf4-4136-b9a9-8c3b2726c51b,"The sun sets low, painting skies of gold,
A gentle breeze whispers stories old."
c5e6c75e-d88f-4667-b57f-2771cbd7c2e7,"In quiet woods where shadows dance,
Nature's heart beats in perfect trance."
f084806f-ff49-4d7d-aa0b-174532392cf8,"Stars ignite the velvet night,
Guiding wanderers with their light."
68fb616c-9a09-42ac-a71b-18ee5eaa593a,"Rivers flow to distant seas,
Carrying dreams on whispered breeze."
ea649fb6-96ac-4317-8c05-2a72736ddcee,"Mountains stand in silent grace,
Watching time's eternal race."
046ff9a0-99fc-474c-b2a9-49f2dbf5d648,"Flowers bloom in spring's embrace,
Painting earth with vibrant lace."
39a10083-0856-46fe-bb5a-b5da4ec134a4,"Moonlight spills on silver streams,
Fulfilling nature's waking dreams."
8635fc59-a503-4a05-ac41-468e0d53b643,"Autumn leaves in golden flight,
Dance away from summer's light."
87f98a37-ee66-4973-90b8-3ddbf3bbe4c3,"Winter's breath on frosted pane,
Writes stories of falling rain."
927cdb66-4093-40e6-ba22-60b7b75b8f3a,"Spring awakens sleeping earth,
With songs of rebirth and mirth."
d0eb4561-ca14-4771-b65c-231a94d833da,"Ocean waves in rhythmic sway,
Tell tales of night and endless day."
76aa17bd-2fea-4c65-bd81-55d3d3b2076e,"Desert winds across the sand,
Carry secrets from ancient land."
c615f6d2-8e88-433f-9146-a18a7cd161f4,"Forest deep in emerald green,
Holds magic yet unseen."
0272ed5e-f996-494a-8638-fc1a81308891,"Morning dew on spider's web,
Catches light from dawn's first tread."
51f9b151-cafe-470f-b701-52dfa0bb9fe4,"Evening stars begin to gleam,
Fulfilling nature's waking dream."
49543d27-2d90-4de9-9b84-25890f017112,"Thunder rolls across the sky,
As storm clouds gather, passing by."
ab6ad316-a83b-4375-b023-bf0a2b8d257b,"Rainbow arches after rain,
A promise bright, a hope again."
e5febc85-0be5-4719-b46b-20dc173e254a,"Misty morning on the lake,
Still waters for nature's sake."
87209540-a078-49de-b184-04b571ac5fc4,"Golden fields of wheat and corn,
Await autumn's peaceful morn."
4b985dc1-e1df-4e51-ba52-03704f32226e,"The sun sets low, painting skies of gold,
A gentle breeze whispers stories old."
297f82ad-9979-4eab-aa00-449b96e92650,"In quiet woods where shadows dance,
Nature's heart beats in perfect trance."
4cb9fdd4-a4b0-4881-8041-9c5b21b5bf42,"Stars ignite the velvet night,
Guiding wanderers with their light."
e9ea2b3e-2a86-4860-99d0-43653ffcf3d4,"Rivers flow to distant seas,
Carrying dreams on whispered breeze."
6b9722a8-574a-4e1e-8dbb-c26e0f4ece2e,"Mountains stand in silent grace,
Watching time's eternal race."
b5ce0ea2-9b6d-40c5-9121-7fb9c70808ac,"Flowers bloom in spring's embrace,
Painting earth with vibrant lace."
dd6d1f26-2dda-439e-a169-2e30429f34c0,"Moonlight spills on silver streams,
Fulfilling nature's waking dreams."
0837adf0-86dc-4bbc-903c-c042bb2a82c5,"Autumn leaves in golden flight,
Dance away from summer's light."
b9e1fe1b-30ac-4ff4-950a-710f43ff7a87,"Winter's breath on frosted pane,
Writes stories of falling rain."
47eb7e6c-7436-4af0-a691-a12a6f517059,"Spring awakens sleeping earth,
With songs of rebirth and mirth."
f645edd8-9bf4-4c7b-a3d3-e984c36a2f7e,"Ocean waves in rhythmic sway,
Tell tales of night and endless day."
0defcef8-2d6b-402a-98cc-bff25bc3cea9,"Desert winds across the sand,
Carry secrets from ancient land."
a85698f3-618f-4862-89a4-6c322a45ffca,"Forest deep in emerald green,
Holds magic yet unseen."
5795a2d2-f372-4048-943c-6eae42515305,"Morning dew on spider's web,
Catches light from dawn's first tread."
8a7956b8-4416-43d4-9d80-3a5421452344,"Evening stars begin to gleam,
Fulfilling nature's waking dream."
f4736d4f-bf16-4382-9e3a-40d2f39b1111,"Thunder rolls across the sky,
As storm clouds gather, passing by."
0b4902ea-7c0d-4ccd-8264-61a82baab668,"Rainbow arches after rain,
A promise bright, a hope again."
0bad7bc8-9a16-44ed-a692-c72f52a525c2,"Misty morning on the lake,
Still waters for nature's sake."
dc2b2684-f52b-4e05-9488-b9eefaa460f1,"Golden fields of wheat and corn,
Await autumn's peaceful morn."
af1729ac-e622-4b3e-8e5a-11e8495fd200,"The sun sets low, painting skies of gold,
A gentle breeze whispers stories old."
685601b3-f4ad-494f-8672-23a1ef60d328,"In quiet woods where shadows dance,
Nature's heart beats in perfect trance."
d4b80538-82b6-4294-ae37-bfa9ffdcc11e,"Stars ignite the velvet night,
Guiding wanderers with their light."
96a9421f-fc34-4a9c-9639-88a6c12efdfe,"Rivers flow to distant seas,
Carrying dreams on whispered breeze."
5120231f-518f-4e4c-89be-3f3bc795b342,"Mountains stand in silent grace,
Watching time's eternal race."
9d6e5529-8ef1-4d38-aaa8-6a7dd997710f,"Flowers bloom in spring's embrace,
Painting earth with vibrant lace."
3e525d6f-e44f-4979-91a0-01aef0eafb88,"Moonlight spills on silver streams,
Fulfilling nature's waking dreams."
e53120ff-273f-4272-bd46-cb64c5b08ec7,"Autumn leaves in golden flight,
Dance away from summer's light."
325a5c3a-cec2-4afe-92d9-905cdc63512d,"Winter's breath on frosted pane,
Writes stories of falling rain."
f50da58c-4a28-4171-aefa-1f5b6facdbea,"Spring awakens sleeping earth,
With songs of rebirth and mirth."
4d27555f-8c5b-4718-a11c-8423ef414ddd,"Ocean waves in rhythmic sway,
Tell tales of night and endless day."
92904ed3-d9e3-43be-ab1d-6dde5cd0744d,"Desert winds across the sand,
Carry secrets from ancient land."
dbbda3ca-cfab-497c-9977-23aca660cb23,"Forest deep in emerald green,
Holds magic yet unseen."
a9b4a734-4578-43f5-9210-c752cb9c5af1,"Morning dew on spider's web,
Catches light from dawn's first tread."
98194553-e25c-4cc4-a1a6-19adcefa2d36,"Evening stars begin to gleam,
Fulfilling nature's waking dream."
5d5624d6-1b02-4fa5-8905-7dbc2e47488e,"Thunder rolls across the sky,
As storm clouds gather, passing by."
b543bee3-42c4-4dfd-8aaf-4022e47e0f10,"Rainbow arches after rain,
A promise bright, a hope again."
f168f8ab-078e-445c-be93-da017434d039,"Misty morning on the lake,
Still waters for nature's sake."
c1660da0-2dd8-4c77-a9d6-6d51faa762fe,"Golden fields of wheat and corn,
Await autumn's peaceful morn."
5a65906f-2050-452d-b403-c26951dd4aac,"The sun sets low, painting skies of gold,
A gentle breeze whispers stories old."
6eedc036-3663-457c-9dd8-1e2410e91346,"In quiet woods where shadows dance,
Nature's heart beats in perfect trance."
04cff163-04e6-48e9-a168-474b7fd4ded2,"Stars ignite the velvet night,
Guiding wanderers with their light."
5bbbe51d-9faa-4069-a9f0-30b25f4b2ff6,"Rivers flow to distant seas,
Carrying dreams on whispered breeze."
a97413b0-a549-46ae-8634-d7937add11ea,"Mountains stand in silent grace,
Watching time's eternal race."
8bf8da8d-05c9-4ce8-a2a2-e76d2c755f21,"Flowers bloom in spring's embrace,
Painting earth with vibrant lace."
e1f45e0e-c083-4eb8-9bf4-cec2bf29c8bf,"Moonlight spills on silver streams,
Fulfilling nature's waking dreams."
1bf4ff6d-23e0-4c2b-8f4e-fa9e71ebad30,"Autumn leaves in golden flight,
Dance away from summer's light."
2fec9556-8ad0-4d76-9b0b-9efdff648c76,"Winter's breath on frosted pane,
Writes stories of falling rain."
2e466960-bb1f-410e-9c89-152c7fc85950,"Spring awakens sleeping earth,
With songs of rebirth and mirth."
c0e3d5e3-a3d6-4855-8a43-07e8e5c35554,"Ocean waves in rhythmic sway,
Tell tales of night and endless day."
a7648053-6c93-44c9-bd88-79a11241123f,"Desert winds across the sand,
Carry secrets from ancient land."
8b9c5652-5efb-42ce-8d2e-743119b75b37,"Forest deep in emerald green,
Holds magic yet unseen."
3f0b1398-d575-425a-a65c-53689236c352,"Morning dew on spider's web,
Catches light from dawn's first tread."
ca424ad9-ab5c-4979-9b52-c0a3d9573db3,"Evening stars begin to gleam,
Fulfilling nature's waking dream."
d68a7dad-93a0-4cf1-ab05-1316d54732d8,"Thunder rolls across the sky,
As storm clouds gather, passing by."
a77dd2ab-ec8f-4ec2-b6ce-2ddf1191bad6,"Rainbow arches after rain,
A promise bright, a hope again."
512e7feb-e780-4baa-98c5-93f911571c61,"Misty morning on the lake,
Still waters for nature's sake."
9a724692-2a77-4247-872d-0d1bdc25e6bc,"Golden fields of wheat and corn,
Await autumn's peaceful morn."
5a99e769-3752-4094-8cee-b6bc2da92966,"The sun sets low, painting skies of gold,
A gentle breeze whispers stories old."
726d44a1-0945-4c1f-a1af-4c67fa136525,"In quiet woods where shadows dance,
Nature's heart beats in perfect trance."
c3ee55cf-70c0-433e-b8fb-43d8a06bc5e3,"Stars ignite the velvet night,
Guiding wanderers with their light."
65e6e9f0-058e-4110-a154-60d2a1daca0e,"Rivers flow to distant seas,
Carrying dreams on whispered breeze."
d9132774-6a3b-406b-aebd-5eedf791785c,"Mountains stand in silent grace,
Watching time's eternal race."
da220486-80cd-4afc-a2bc-726fccf50144,"Flowers bloom in spring's embrace,
Painting earth with vibrant lace."
7c81efd1-e7e5-4ebe-a184-0ad9b7ef2108,"Moonlight spills on silver streams,
Fulfilling nature's waking dreams."
1ae691b1-5b9b-4917-b1f4-bd60f0edd6a2,"Autumn leaves in golden flight,
Dance away from summer's light."
7ac0395f-cce0-4b38-85b4-e8fd2c7bf675,"Winter's breath on frosted pane,
Writes stories of falling rain."
6d31b473-d2df-49d2-9c77-ff60714542fa,"Spring awakens sleeping earth,
With songs of rebirth and mirth."
4a987deb-4c5f-4783-a261-5e41c3877fc4,"Ocean waves in rhythmic sway,
Tell tales of night and endless day."
d4cdb262-d91c-4661-b639-6f5af9bc9d0b,"Desert winds across the sand,
Carry secrets from ancient land."
7d3bd018-0226-41c0-84bc-924713390a71,"Forest deep in emerald green,
Holds magic yet unseen."
0790afc8-b685-4fef-bc2f-f1949042bd75,"Morning dew on spider's web,
Catches light from dawn's first tread."
506df29b-437d-4a2e-aef1-192b82d979ef,"Evening stars begin to gleam,
Fulfilling nature's waking dream."
8049d23f-a92e-4ec5-afda-9b5587a63cb9,"Thunder rolls across the sky,
As storm clouds gather, passing by."
3914f3a7-503d-4f4f-8e93-e49c77206169,"Rainbow arches after rain,
A promise bright, a hope again."
f71f8471-5b07-493e-8830-b47182986019,"Misty morning on the lake,
Still waters for nature's sake."
374230a3-060a-42c9-bb1b-6e9f1c837ac4,"Golden fields of wheat and corn,
Await autumn's peaceful morn."
9cfcd5c8-e64e-41ac-9f49-cf27277d4413,"The sun sets low, painting skies of gold,
A gentle breeze whispers stories old."
2ede2f09-9ddc-4939-a35d-179834a2b00f,"In quiet woods where shadows dance,
Nature's heart beats in perfect trance."
afc8a612-7b4c-43fe-8326-0d68cff736b3,"Stars ignite the velvet night,
Guiding wanderers with their light."
e1b0e788-1808-40a6-9a41-63b87380c187,"Rivers flow to distant seas,
Carrying dreams on whispered breeze."
e25ce3d2-1857-4cc1-b20f-b52b78d7501c,"Mountains stand in silent grace,
Watching time's eternal race."
2e011dad-a41f-44c6-9752-fce112502043,"Flowers bloom in spring's embrace,
Painting earth with vibrant lace."
b8718a68-1e14-4ffc-8694-a3b63bd99577,"Moonlight spills on silver streams,
Fulfilling nature's waking dreams."
92284713-36d0-4202-8e9a-922ad611a342,"Autumn leaves in golden flight,
Dance away from summer's light."
f7f17a20-1a10-4a7a-a765-3e2ef4b5c445,"Winter's breath on frosted pane,
Writes stories of falling rain."
33c143bf-be23-47f3-8f75-7c90c6e90afb,"Spring awakens sleeping earth,
With songs of rebirth and mirth."
30cf6e02-691d-4d36-bbb9-f8ba51b7f252,"Ocean waves in rhythmic sway,
Tell tales of night and endless day."
0948d8b1-79a2-480d-ade3-2a5ca7c103fb,"Desert winds across the sand,
Carry secrets from ancient land."
eec28ad5-5730-410c-bec8-3cbe2d9ba148,"Forest deep in emerald green,
Holds magic yet unseen."
bc127cee-88bc-480b-a2d3-0b44d7b8bfa2,"Morning dew on spider's web,
Catches light from dawn's first tread."
5013cce0-e362-48bc-b478-0c7b759c808e,"Evening stars begin to gleam,
Fulfilling nature's waking dream."
d6ce2a8b-cc7e-4508-96cc-da57cc05e646,"Thunder rolls across the sky,
As storm clouds gather, passing by."
ea14ef5c-7563-4e16-a3d7-8704f53bb8f0,"Rainbow arches after rain,
A promise bright, a hope again."
2905f6ef-a3ed-4cb0-baad-06f4eb4abee3,"Misty morning on the lake,
Still waters for nature's sake."
524a9a59-be02-417f-8f51-2fa3399051aa,"Golden fields of wheat and corn,
Await autumn's peaceful morn."
79d07f4c-c9f3-40c9-bdad-774cbf037a67,"The sun sets low, painting skies of gold,
A gentle breeze whispers stories old."
615bd78a-5792-457d-99c2-dc1db5a90ae5,"In quiet woods where shadows dance,
Nature's heart beats in perfect trance."
fe55199f-4c6f-4be2-bf74-aa4bf9cf775a,"Stars ignite the velvet night,
Guiding wanderers with their light."
7df2fc0c-61fe-41f7-b59c-4a5d8d48a73f,"Rivers flow to distant seas,
Carrying dreams on whispered breeze."
41db3760-ad85-4232-9368-96a89829631e,"Mountains stand in silent grace,
Watching time's eternal race."
f8318932-a438-4f73-9462-2ed24001f1a2,"Flowers bloom in spring's embrace,
Painting earth with vibrant lace."
e6d2f8e5-715e-4edd-aeaf-9fcfb5d0e641,"Moonlight spills on silver streams,
Fulfilling nature's waking dreams."
438f1e63-0273-4521-bf52-58262cc1d74b,"Autumn leaves in golden flight,
Dance away from summer's light."
7976b831-b3b6-45c8-9246-6aeee83f1251,"Winter's breath on frosted pane,
Writes stories of falling rain."
e64c0f4a-c699-4b90-b799-51c448ed7cd8,"Spring awakens sleeping earth,
With songs of rebirth and mirth."
56abaed8-9cc6-436f-a523-4d140f38c039,"Ocean waves in rhythmic sway,
Tell tales of night and endless day."
7f6aeb41-0db6-4aaf-97d8-86c01b47ff49,"Desert winds across the sand,
Carry secrets from ancient land."
4c420105-5992-4123-ac0a-6f8fa696902d,"Forest deep in emerald green,
Holds magic yet unseen."
580aa9ae-aa5c-4819-a4e4-ca828edeaa87,"Morning dew on spider's web,
Catches light from dawn's first tread."
f66b9554-c607-4da1-a0dd-2d992957ba82,"Evening stars begin to gleam,
Fulfilling nature's waking dream."
a36cb53d-386c-492a-b224-8832d75b021c,"Thunder rolls across the sky,
As storm clouds gather, passing by."
b2838ca0-5224-4863-a9c2-0043ecbbb95e,"Rainbow arches after rain,
A promise bright, a hope again."
5fdbcca7-e1db-4d70-8558-1ac1b80dc1a6,"Misty morning on the lake,
Still waters for nature's sake."
4c37a825-8bf3-4878-a688-49e8014d8052,"Golden fields of wheat and corn,
Await autumn's peaceful morn."
bad1e8fe-ee93-4604-91cc-37d4957af84a,"The sun sets low, painting skies of gold,
A gentle breeze whispers stories old."
116dd0d1-7d17-444e-9659-23d0abafe662,"In quiet woods where shadows dance,
Nature's heart beats in perfect trance."
6e6ae150-1aee-4575-887a-e051e7da8f38,"Stars ignite the velvet night,
Guiding wanderers with their light."
3ad3c5f9-8212-44f3-ab86-315dd0379133,"Rivers flow to distant seas,
Carrying dreams on whispered breeze."
50adc6ad-1729-4ce5-8108-63bb98f8978d,"Mountains stand in silent grace,
Watching time's eternal race."
2fbf262b-eb2c-4cbe-8ce5-1cf6d02f9c81,"Flowers bloom in spring's embrace,
Painting earth with vibrant lace."
034c0db8-57f0-4c10-b6b0-80a1d868fab9,"Moonlight spills on silver streams,
Fulfilling nature's waking dreams."
f08c897d-456d-4106-a1aa-233cc01a3b38,"Autumn leaves in golden flight,
Dance away from summer's light."
07854584-8161-404b-a122-55193a438ece,"Winter's breath on frosted pane,
Writes stories of falling rain."
32327426-76f1-4d44-bef2-e93a01b8ea93,"Spring awakens sleeping earth,
With songs of rebirth and mirth."
ec5aba6c-60ac-42dd-8c4c-bb8f6bb88be2,"Ocean waves in rhythmic sway,
Tell tales of night and endless day."
580ef02b-851b-46c2-8527-833ea961b0d6,"Desert winds across the sand,
Carry secrets from ancient land."
705e6084-bacb-48a7-a5eb-09754d4a6d3e,"Forest deep in emerald green,
Holds magic yet unseen."
b6dfcf48-d333-430f-81f9-0845b6bc4a71,"Morning dew on spider's web,
Catches light from dawn's first tread."
9735fe61-a67b-4ba3-b4ca-534f7da8b57e,"Evening stars begin to gleam,
Fulfilling nature's waking dream."
630efeb3-1c9d-4238-8d74-5b6179c3b4de,"Thunder rolls across the sky,
As storm clouds gather, passing by."
97229658-d075-4cf5-a1ff-b2aea163e337,"Rainbow arches after rain,
A promise bright, a hope again."
5acbd688-9ddd-4044-a50c-7a4820839a3d,"Misty morning on the lake,
Still waters for nature's sake."
9b765a19-1389-4e12-bddd-676a3f9abe36,"Golden fields of wheat and corn,
Await autumn's peaceful morn."
d5ad9aa9-69a3-42bc-a727-e8b67f8e6eea,"The sun sets low, painting skies of gold,
A gentle breeze whispers stories old."
7989d942-952e-4318-af52-ef3e4ddd9dc6,"In quiet woods where shadows dance,
Nature's heart beats in perfect trance."
745178d6-957a-4e94-8cde-b50dd43388ae,"Stars ignite the velvet night,
Guiding wanderers with their light."
f6c946ec-2522-4ba4-a4f1-4cc8d4988d7f,"Rivers flow to distant seas,
Carrying dreams on whispered breeze."
f56f5d01-da55-4b9b-8f15-82e24472e50c,"Mountains stand in silent grace,
Watching time's eternal race."
b1e770a2-cecd-445e-9a02-3318ef494b99,"Flowers bloom in spring's embrace,
Painting earth with vibrant lace."
9abcecd1-b076-46ef-abf8-5d74c67ebdf2,"Moonlight spills on silver streams,
Fulfilling nature's waking dreams."
dbada705-5339-4d45-9516-4403c5824280,"Autumn leaves in golden flight,
Dance away from summer's light."
1f0dda67-a56f-42a6-8d4e-6d93685c72b1,"Winter's breath on frosted pane,
Writes stories of falling rain."
1ba5f155-4c0a-4894-973e-c536231b0e28,"Spring awakens sleeping earth,
With songs of rebirth and mirth."
20f506fe-6571-4d81-89ec-f227b50dd722,"Ocean waves in rhythmic sway,
Tell tales of night and endless day."
dfe635c2-8318-4055-ad3f-eb048e9c7478,"Desert winds across the sand,
Carry secrets from ancient land."
c8ec6505-5b0e-41f4-a03e-a0c406b98822,"Forest deep in emerald green,
Holds magic yet unseen."
239463ef-57d4-4e18-acf5-dd48ffd8a316,"Morning dew on spider's web,
Catches light from dawn's first tread."
dd6366e8-2bfc-4ebc-a20d-68f56e88fe1b,"Evening stars begin to gleam,
Fulfilling nature's waking dream."
c8b9d835-29b7-4332-8b06-6f3a29996706,"Thunder rolls across the sky,
As storm clouds gather, passing by."
5b4985c2-7a72-4fb7-858e-b3c0dee39765,"Rainbow arches after rain,
A promise bright, a hope again."
f3100c65-5a09-4dfa-95d7-0cee305c87af,"Misty morning on the lake,
Still waters for nature's sake."
8e593b79-643c-4695-b2c6-239b234bb07a,"Golden fields of wheat and corn,
Await autumn's peaceful morn."
1be88fb4-de16-4780-b292-c9c37c008b8f,"The sun sets low, painting skies of gold,
A gentle breeze whispers stories old."
fa22f788-a4ca-4e0f-8b40-75f18a0f0665,"In quiet woods where shadows dance,
Nature's heart beats in perfect trance."
81dd00eb-56d5-48db-98b9-2b7d85657654,"Stars ignite the velvet night,
Guiding wanderers with their light."
633f87d6-0407-43cf-b395-91c51158ee72,"Rivers flow to distant seas,
Carrying dreams on whispered breeze."
c121eb52-ce7e-405f-a136-31c896ef626d,"Mountains stand in silent grace,
Watching time's eternal race."
791efa84-15f4-4dcd-9073-e87b1c9cf722,"Flowers bloom in spring's embrace,
Painting earth with vibrant lace."
3588041c-4cd0-4295-b2f3-3ee661656ce6,"Moonlight spills on silver streams,
Fulfilling nature's waking dreams."
93ba731b-5c47-4bb2-85ae-dfb5fac75f33,"Autumn leaves in golden flight,
Dance away from summer's light."
fe8cb09e-d83a-46bc-9fb8-bdbe53070ece,"Winter's breath on frosted pane,
Writes stories of falling rain."
4c621369-dcf9-4f76-abec-3b62bf056fc1,"Spring awakens sleeping earth,
With songs of rebirth and mirth."
f0d4cf37-17f0-4289-b516-b7fd40229876,"Ocean waves in rhythmic sway,
Tell tales of night and endless day."
53af99aa-2c4c-47be-a14e-3df84de51614,"Desert winds across the sand,
Carry secrets from ancient land."
260bb682-4391-4eb6-9569-de3a860065d2,"Forest deep in emerald green,
Holds magic yet unseen."
cee06662-243e-43ef-ba21-6b4771960dfb,"Morning dew on spider's web,
Catches light from dawn's first tread."
dda9ef01-2ece-4c54-b2a9-6617e71aaea6,"Evening stars begin to gleam,
Fulfilling nature's waking dream."
bfeba414-9c17-4977-9243-9ae9c342f32a,"Thunder rolls across the sky,
As storm clouds gather, passing by."
aac089e4-3d32-4bce-9208-170cb9fb48c5,"Rainbow arches after rain,
A promise bright, a hope again."
b2f0e2b0-9180-4d7f-8b35-d1c490fe2c5d,"Misty morning on the lake,
Still waters for nature's sake."
f8b97d39-a1a8-4907-93fa-71fcb1848200,"Golden fields of wheat and corn,
Await autumn's peaceful morn."
6848651f-badb-49e2-b015-8c3c28784614,"The sun sets low, painting skies of gold,
A gentle breeze whispers stories old."
dc4ee0df-6c48-4deb-8c91-8d1a24a79fe3,"In quiet woods where shadows dance,
Nature's heart beats in perfect trance."
bdd05351-12ff-4cac-98a5-2c7f1908ea52,"Stars ignite the velvet night,
Guiding wanderers with their light."
3a6f2006-baba-4ae0-ab2b-56737e841eca,"Rivers flow to distant seas,
Carrying dreams on whispered breeze."
e2767aa9-02a0-4407-8bcb-954b661d72b2,"Mountains stand in silent grace,
Watching time's eternal race."
4d35b7e1-4267-4fcc-a52f-38b81db79285,"Flowers bloom in spring's embrace,
Painting earth with vibrant lace."
e2f00e7c-dcd3-4989-8b11-b1b7600f10dc,"Moonlight spills on silver streams,
Fulfilling nature's waking dreams."
90a6c92f-ed0b-484e-b33f-73a3cd49a28d,"Autumn leaves in golden flight,
Dance away from summer's light."
99474d31-1f96-47b3-8c54-c7302c711270,"Winter's breath on frosted pane,
Writes stories of falling rain."
8eccb26d-5ca1-44af-afc5-877829172a62,"Spring awakens sleeping earth,
With songs of rebirth and mirth."
60572a6c-0c6c-4f6f-81c0-f27f049657d5,"Ocean waves in rhythmic sway,
Tell tales of night and endless day."
6ba1fc64-2603-4540-aa7f-52ea2c616790,"Desert winds across the sand,
Carry secrets from ancient land."
819d3e45-0ec1-48ef-9984-bdc7517bf8c6,"Forest deep in emerald green,
Holds magic yet unseen."
f9880320-4be4-49cc-bb62-e88f7f4b464e,"Morning dew on spider's web,
Catches light from dawn's first tread."
a37eab45-7fb2-4b9d-a23c-a0a7710c370c,"Evening stars begin to gleam,
Fulfilling nature's waking dream."
5b5f35c4-bd6d-4ffa-834e-04edf692e628,"Thunder rolls across the sky,
As storm clouds gather, passing by."
1d474767-b408-4c7d-b990-1a9bea3c6555,"Rainbow arches after rain,
A promise bright, a hope again."
0835fbdf-ee09-48e1-a634-51ff207497c8,"Misty morning on the lake,
Still waters for nature's sake."
b16349d3-9f36-4cd8-beb2-7aa348cef16a,"Golden fields of wheat and corn,
Await autumn's peaceful morn."
6674e8e2-d479-414e-9568-322b265b16b3,"The sun sets low, painting skies of gold,
A gentle breeze whispers stories old."
550476cc-3537-4106-bff0-d779a67ac360,"In quiet woods where shadows dance,
Nature's heart beats in perfect trance."
970a9744-519a-47b2-ac0f-0a2032bd7e15,"Stars ignite the velvet night,
Guiding wanderers with their light."
ea4742df-cbfc-4373-a933-cb4720f674de,"Rivers flow to distant seas,
Carrying dreams on whispered breeze."
61a49938-3a07-45c5-b960-06f59c9ea321,"Mountains stand in silent grace,
Watching time's eternal race."
1990d818-fc2d-4ad7-9db0-d9071c004ba7,"Flowers bloom in spring's embrace,
Painting earth with vibrant lace."
b9933b97-7730-481f-9f72-1bfd7f4c959b,"Moonlight spills on silver streams,
Fulfilling nature's waking dreams."
3301b56e-6036-4535-bf9a-a095ac920df9,"Autumn leaves in golden flight,
Dance away from summer's light."
75e90cdc-2c6e-497b-924b-ef7f3e37e7a9,"Winter's breath on frosted pane,
Writes stories of falling rain."
0360a69e-3b64-4d15-8bb7-265463e864fd,"Spring awakens sleeping earth,
With songs of rebirth and mirth."
6e2d97b1-ea1e-4e17-81ff-e0df48809ff0,"Ocean waves in rhythmic sway,
Tell tales of night and endless day."
4ca93db2-88c7-4625-b940-32d1fbbf0c70,"Desert winds across the sand,
Carry secrets from ancient land."
f33b45ba-ec12-448c-9b62-ab4916ee5de7,"Forest deep in emerald green,
Holds magic yet unseen."
75f7b2db-e51e-4d4a-ac35-b868b329cc5b,"Morning dew on spider's web,
Catches light from dawn's first tread."
da1d2e3d-67db-4836-a388-72e02fb2b4e9,"Evening stars begin to gleam,
Fulfilling nature's waking dream."
17fa6a98-77d7-4ac3-a2c8-3ad7fb1bd4aa,"Thunder rolls across the sky,
As storm clouds gather, passing by."
27eeda70-c6e4-498f-9927-c69d0e964db5,"Rainbow arches after rain,
A promise bright, a hope again."
d3862e9b-549f-4a45-9478-08ddc42cf9c7,"Misty morning on the lake,
Still waters for nature's sake."
bb18dce3-94ab-45af-ab00-757ea41cf0cd,"Golden fields of wheat and corn,
Await autumn's peaceful morn."
c04a82d8-339d-4e28-b17c-52ad94cac975,"The sun sets low, painting skies of gold,
A gentle breeze whispers stories old."
4d4003dc-a80b-481c-8fde-fe9e7c73d8c9,"In quiet woods where shadows dance,
Nature's heart beats in perfect trance."
cea6b382-9580-4a4f-885d-c4499e1a10c7,"Stars ignite the velvet night,
Guiding wanderers with their light."
62514943-cac7-44ff-944c-45d950e02d1f,"Rivers flow to distant seas,
Carrying dreams on whispered breeze."
a0d92d89-a68a-44cd-b5d6-484e7c6fd14c,"Mountains stand in silent grace,
Watching time's eternal race."
67446081-6aeb-4bc4-ac93-b22843b604eb,"Flowers bloom in spring's embrace,
Painting earth with vibrant lace."
6bb88a81-0fcb-4ca2-8903-29ac8de9463d,"Moonlight spills on silver streams,
Fulfilling nature's waking dreams."
46262b08-fdce-4d3a-b353-ce841b99a103,"Autumn leaves in golden flight,
Dance away from summer's light."
7da4149e-d80c-470e-8d60-8bd93cb70f20,"Winter's breath on frosted pane,
Writes stories of falling rain."
cbc86a66-f3d1-473a-a035-495d0d1fbbc0,"Spring awakens sleeping earth,
With songs of rebirth and mirth."
b74e57ae-ef18-490b-a5a7-49a6292d2170,"Ocean waves in rhythmic sway,
Tell tales of night and endless day."
52dd3010-8f80-49c5-bb02-b42494edc083,"Desert winds across the sand,
Carry secrets from ancient land."
b8d19f8c-8832-4742-8e3c-7867914339ec,"Forest deep in emerald green,
Holds magic yet unseen."
50c93609-8af9-4769-8e4b-0e795a910aa3,"Morning dew on spider's web,
Catches light from dawn's first tread."
b503996c-fe8d-48d8-a765-3e45bb65ba8b,"Evening stars begin to gleam,
Fulfilling nature's waking dream."
86a64b4c-e59a-4bc6-8a91-cfa93df34d1f,"Thunder rolls across the sky,
As storm clouds gather, passing by."
97d297a1-5233-4858-887c-c594ee30be77,"Rainbow arches after rain,
A promise bright, a hope again."
86b874eb-9bb5-41dd-89bd-ae2907223c62,"Misty morning on the lake,
Still waters for nature's sake."
24fe12f0-b96a-4e5f-abfe-3e568e0dd7bd,"Golden fields of wheat and corn,
Await autumn's peaceful morn."
d77f2dc8-51f8-48a5-822f-6360c82d069d,"The sun sets low, painting skies of gold,
A gentle breeze whispers stories old."
912bf16d-bdf6-461b-b429-1ba5cf3de4f1,"In quiet woods where shadows dance,
Nature's heart beats in perfect trance."
34801e54-9189-4042-a7a1-f45e77e7f888,"Stars ignite the velvet night,
Guiding wanderers with their light."
38b72582-a210-416c-9450-56d80179bfc6,"Rivers flow to distant seas,
Carrying dreams on whispered breeze."
10114f39-b4a6-4c5b-b4b9-d9ab2befc04e,"Mountains stand in silent grace,
Watching time's eternal race."
02bb78e0-4a56-40b3-96b0-f8f00a35a823,"Flowers bloom in spring's embrace,
Painting earth with vibrant lace."
10fe8fed-3170-4c2c-b172-56640eef44d4,"Moonlight spills on silver streams,
Fulfilling nature's waking dreams."
fe6d9f56-8975-4965-a3f5-4e316ce7bd9c,"Autumn leaves in golden flight,
Dance away from summer's light."
25e4b884-d3ee-4d7c-9bf7-0c39e89d46e3,"Winter's breath on frosted pane,
Writes stories of falling rain."
719caf66-92cd-4338-a1e1-1f5896d37109,"Spring awakens sleeping earth,
With songs of rebirth and mirth."
0570d898-7bb3-4cd5-8d2c-86164ffac03a,"Ocean waves in rhythmic sway,
Tell tales of night and endless day."
d2356731-e5c4-4f0c-a981-71351c9a6124,"Desert winds across the sand,
Carry secrets from ancient land."
1a2f0d66-674a-4947-99df-021267c82a5b,"Forest deep in emerald green,
Holds magic yet unseen."
e2453bdb-635e-4a0f-88f7-a0ff03258fa3,"Morning dew on spider's web,
Catches light from dawn's first tread."
96f0e304-0ceb-47c3-b4db-a6c661dcc13c,"Evening stars begin to gleam,
Fulfilling nature's waking dream."
940bbb1a-8901-481f-bf8d-8aaff277de44,"Thunder rolls across the sky,
As storm clouds gather, passing by."
fa83786b-4a49-42a8-ac88-5d8a380adf9a,"Rainbow arches after rain,
A promise bright, a hope again."
e1f2c486-a1aa-4e5d-8098-07f1db5446bc,"Misty morning on the lake,
Still waters for nature's sake."
88faccc4-2b29-452e-8b7f-bd10697b75a5,"Golden fields of wheat and corn,
Await autumn's peaceful morn."
c8e8c0e5-6fb2-4c86-9648-488d29e6a461,"The sun sets low, painting skies of gold,
A gentle breeze whispers stories old."
c77e4656-bedf-4f73-b7d6-a6fb5536c16b,"In quiet woods where shadows dance,
Nature's heart beats in perfect trance."
db146684-8f61-415b-8b1b-ce9b9fa4d584,"Stars ignite the velvet night,
Guiding wanderers with their light."
130dda28-ba35-43eb-9f04-38cef5630e37,"Rivers flow to distant seas,
Carrying dreams on whispered breeze."
97ce9002-3f70-46dd-9ef9-ccc2e4f5eb40,"Mountains stand in silent grace,
Watching time's eternal race."
630ac1b5-1a79-4529-97ec-10dc59567195,"Flowers bloom in spring's embrace,
Painting earth with vibrant lace."
492b6a07-7b1c-4fcb-ad04-05d58a8da462,"Moonlight spills on silver streams,
Fulfilling nature's waking dreams."
52ca9627-5e40-421d-ab3e-4bb910e5b15f,"Autumn leaves in golden flight,
Dance away from summer's light."
8dc1215e-41d8-4c56-92dd-40c7cb180eae,"Winter's breath on frosted pane,
Writes stories of falling rain."
c40213a0-e348-4683-bb8d-af9a703e2520,"Spring awakens sleeping earth,
With songs of rebirth and mirth."
71393ff5-ea24-4f89-bd3e-012eea303134,"Ocean waves in rhythmic sway,
Tell tales of night and endless day."
abdffc30-0f13-4cf4-aec1-18d00ac86674,"Desert winds across the sand,
Carry secrets from ancient land."
52ca2886-84fc-4776-8f9e-2c5d9530e65b,"Forest deep in emerald green,
Holds magic yet unseen."
85c3bbf2-b7f8-4424-a211-28008e0ab25d,"Morning dew on spider's web,
Catches light from dawn's first tread."
d6ec8094-822d-418b-83d3-1c38c5e5a4ad,"Evening stars begin to gleam,
Fulfilling nature's waking dream."
455811a2-4005-4c16-976a-d7910c0be864,"Thunder rolls across the sky,
As storm clouds gather, passing by."
a645b4e1-1fb2-4fc7-8d90-57961c0887f8,"Rainbow arches after rain,
A promise bright, a hope again."
9fb3953e-c76a-4f4a-bf3c-7c10f7f09453,"Misty morning on the lake,
Still waters for nature's sake."
6ffeba5a-eb6b-41e6-b25d-aec2a430dc10,"Golden fields of wheat and corn,
Await autumn's peaceful morn."
f1a981ea-8b20-4de8-a9f2-8ec2cc50d911,"The sun sets low, painting skies of gold,
A gentle breeze whispers stories old."
634cd319-35a3-4268-804b-2d9d9eaddf3e,"In quiet woods where shadows dance,
Nature's heart beats in perfect trance."
1f1624f8-1337-433d-a544-f7b352c9d43e,"Stars ignite the velvet night,
Guiding wanderers with their light."
4118aa74-925f-4a5b-8ab5-fe2f25ff014e,"Rivers flow to distant seas,
Carrying dreams on whispered breeze."
ac7f4571-e964-4dd3-a040-c7f99c47ad30,"Mountains stand in silent grace,
Watching time's eternal race."
95f60309-55d2-45de-9c0c-db671a3bffe9,"Flowers bloom in spring's embrace,
Painting earth with vibrant lace."
07b47908-8770-470e-b4b7-306a818af376,"Moonlight spills on silver streams,
Fulfilling nature's waking dreams."
5e5685a8-f902-47fc-8723-80b098cffb95,"Autumn leaves in golden flight,
Dance away from summer's light."
ac7cf86a-de09-4acb-940d-382a46ba037d,"Winter's breath on frosted pane,
Writes stories of falling rain."
2ac79e8e-705a-4d93-b2f8-55acc6b4b95f,"Spring awakens sleeping earth,
With songs of rebirth and mirth."
6719e471-5c6a-4821-ae2f-e5a1ec067667,"Ocean waves in rhythmic sway,
Tell tales of night and endless day."
0ee3b79b-ffea-4e7a-a42d-6ee4c0f522c9,"Desert winds across the sand,
Carry secrets from ancient land."
44f8fc29-6953-4aa7-bcc9-9f1c16a749fd,"Forest deep in emerald green,
Holds magic yet unseen."
7428e6c9-b136-4cf3-8501-641b23dc1f7a,"Morning dew on spider's web,
Catches light from dawn's first tread."
9b7fdc7c-a493-418d-bb02-d62b04692524,"Evening stars begin to gleam,
Fulfilling nature's waking dream."
bc63a489-585b-4097-8948-106c2b9a5005,"Thunder rolls across the sky,
As storm clouds gather, passing by."
b5013f7e-786c-4df5-a42a-9e62239dc445,"Rainbow arches after rain,
A promise bright, a hope again."
6114f743-87b8-46ea-8523-97d3cbaef758,"Misty morning on the lake,
Still waters for nature's sake."
806b449d-7329-4b9c-b2ae-405a6d8693e3,"Golden fields of wheat and corn,
Await autumn's peaceful morn."
dd348587-b565-4573-8229-9e703162aec4,"The sun sets low, painting skies of gold,
A gentle breeze whispers stories old."
68aa35ec-6d56-4a11-ba20-9018c034f5cf,"In quiet woods where shadows dance,
Nature's heart beats in perfect trance."
26c9500f-09a6-4024-ac12-61a3e042aca2,"Stars ignite the velvet night,
Guiding wanderers with their light."
ebf4930a-0ce6-40ce-b277-8124e0128d3f,"Rivers flow to distant seas,
Carrying dreams on whispered breeze."
1c20fdec-453c-4537-8e80-ab75a2a183b1,"Mountains stand in silent grace,
Watching time's eternal race."
6786f873-c9f6-40d2-8e89-ef956fd1d246,"Flowers bloom in spring's embrace,
Painting earth with vibrant lace."
b197bd6c-fd4d-42ec-9943-cb54771b491a,"Moonlight spills on silver streams,
Fulfilling nature's waking dreams."
ca812ca6-09d7-4c8e-8d07-1fd654be9200,"Autumn leaves in golden flight,
Dance away from summer's light."
4bacd51b-a52f-4370-8544-231a4be46be4,"Winter's breath on frosted pane,
Writes stories of falling rain."
78539bfe-661a-43b8-a404-66bbd7ca4e2a,"Spring awakens sleeping earth,
With songs of rebirth and mirth."
c9c1a417-d336-414e-b6d6-07fb11efbc8a,"Ocean waves in rhythmic sway,
Tell tales of night and endless day."
b8d7cfc7-b160-48b5-bb70-6e7f48f981aa,"Desert winds across the sand,
Carry secrets from ancient land."
1af69835-8279-4edc-8329-51c6b84d493b,"Forest deep in emerald green,
Holds magic yet unseen."
f98a6e87-9470-4397-a97e-442707ef3122,"Morning dew on spider's web,
Catches light from dawn's first tread."
c1a405ab-c834-412e-b540-226f7d2babb2,"Evening stars begin to gleam,
Fulfilling nature's waking dream."
93e66474-93b7-4f73-8a53-fe3c0f348bb5,"Thunder rolls across the sky,
As storm clouds gather, passing by."
ed5b13f1-6651-4dd8-acde-f5424d904bdb,"Rainbow arches after rain,
A promise bright, a hope again."
a0100a10-a5f3-4a35-b722-0ae1a48c9892,"Misty morning on the lake,
Still waters for nature's sake."
f737c706-1769-4d79-8484-d951d5f94530,"Golden fields of wheat and corn,
Await autumn's peaceful morn."
0abdf640-6a09-4d89-b412-a1dfe68b1d57,"The sun sets low, painting skies of gold,
A gentle breeze whispers stories old."
5ce05ec7-bcf4-4bd7-af38-7251337f109c,"In quiet woods where shadows dance,
Nature's heart beats in perfect trance."
47b9b919-3248-46cf-8044-8f5815b9c285,"Stars ignite the velvet night,
Guiding wanderers with their light."
65d8b272-333f-4311-b5f9-8a3ab44997fe,"Rivers flow to distant seas,
Carrying dreams on whispered breeze."
5e7ca7a9-946a-4cde-a919-114b94bf6d92,"Mountains stand in silent grace,
Watching time's eternal race."
b6eb26e2-c172-43a1-9f87-0e3b0ba25e2e,"Flowers bloom in spring's embrace,
Painting earth with vibrant lace."
678fc4ac-3e38-485b-a46e-69bb6309c42e,"Moonlight spills on silver streams,
Fulfilling nature's waking dreams."
27c84e8d-fd20-4f0d-9b9c-36817a878008,"Autumn leaves in golden flight,
Dance away from summer's light."
28f7c6d8-2683-4c73-b4f2-e9b343e1cfc0,"Winter's breath on frosted pane,
Writes stories of falling rain."
6a6e901c-8dd5-4277-a3d4-a701b710524e,"Spring awakens sleeping earth,
With songs of rebirth and mirth."
257050f7-976f-4964-b461-19b9c5a41013,"Ocean waves in rhythmic sway,
Tell tales of night and endless day."
5eb91131-5da7-4494-b7f6-da2a653d0128,"Desert winds across the sand,
Carry secrets from ancient land."
9e1aff30-15ee-40a0-81e4-d660fcde5842,"Forest deep in emerald green,
Holds magic yet unseen."
030af662-50f5-4dbb-b5a8-3d89c3c5e29f,"Morning dew on spider's web,
Catches light from dawn's first tread."
af0be177-42a2-4df7-a185-00aadb4cc32d,"Evening stars begin to gleam,
Fulfilling nature's waking dream."
094c9cbb-85c8-4bc3-8e64-d40ed61eaeba,"Thunder rolls across the sky,
As storm clouds gather, passing by."
03a00e0f-4b4e-4180-a760-d72bedaa1da5,"Rainbow arches after rain,
A promise bright, a hope again."
ee0a3947-24e5-49c1-a8c0-e4a0558a2dbf,"Misty morning on the lake,
Still waters for nature's sake."
dbbbe66d-1deb-4f77-bb93-6c7d66cd0ea8,"Golden fields of wheat and corn,
Await autumn's peaceful morn."
00b29182-1fa7-4b49-b81c-823c35d320bc,"The sun sets low, painting skies of gold,
A gentle breeze whispers stories old."
cbbb06e8-8437-4d51-8eb2-c9e7371b10ae,"In quiet woods where shadows dance,
Nature's heart beats in perfect trance."
f883359c-4f5c-4524-9142-6ffc3112d3bb,"Stars ignite the velvet night,
Guiding wanderers with their light."
555ce33a-01bb-4dd4-aacd-22873191ee26,"Rivers flow to distant seas,
Carrying dreams on whispered breeze."
8ab55db0-6bd5-4d57-bbbd-a4206a7ff92d,"Mountains stand in silent grace,
Watching time's eternal race."
75880f86-1c54-4a04-ae25-528169027fb4,"Flowers bloom in spring's embrace,
Painting earth with vibrant lace."
762e6474-f562-4bb8-ac61-5db205a91c3d,"Moonlight spills on silver streams,
Fulfilling nature's waking dreams."
94eb2c0b-a125-4dc9-b638-01208324dc7b,"Autumn leaves in golden flight,
Dance away from summer's light."
df83206d-9dbf-4f64-8aca-1f2ad3665b0a,"Winter's breath on frosted pane,
Writes stories of falling rain."
eebc5322-111b-4779-a14b-7ab8c1f4eee1,"Spring awakens sleeping earth,
With songs of rebirth and mirth."
962d09ae-6769-48ce-84d9-ea79f418096e,"Ocean waves in rhythmic sway,
Tell tales of night and endless day."
bc27e9a4-a66b-4f22-bc2f-1a6d44fa2c7b,"Desert winds across the sand,
Carry secrets from ancient land."
27e604a1-1d20-4545-af13-b99fced06cb4,"Forest deep in emerald green,
Holds magic yet unseen."
ee7aa38b-51ed-405b-bd52-42162a1067ce,"Morning dew on spider's web,
Catches light from dawn's first tread."
0670bbd6-326d-4323-99aa-4d3dafd3c5da,"Evening stars begin to gleam,
Fulfilling nature's waking dream."
8fc1fac0-35a9-4d39-83db-dffa817f4994,"Thunder rolls across the sky,
As storm clouds gather, passing by."
30ee6da3-d0d6-4796-bbdf-019c2e9e4c4e,"Rainbow arches after rain,
A promise bright, a hope again."
d00612d9-3233-487b-ab1a-32fa655abc49,"Misty morning on the lake,
Still waters for nature's sake."
5e1b7a42-e776-4b9f-9f59-1769cf91c54b,"Golden fields of wheat and corn,
Await autumn's peaceful morn."
58b2c427-cc61-4004-a230-ab6a6c6b49e2,"The sun sets low, painting skies of gold,
A gentle breeze whispers stories old."
3942a1b1-6792-45df-a47b-1e69d4f449fa,"In quiet woods where shadows dance,
Nature's heart beats in perfect trance."
fd27ff76-4a82-4f96-8039-0ac11ea994c7,"Stars ignite the velvet night,
Guiding wanderers with their light."
012b79bd-6de0-4002-b1aa-baddf37b8ebd,"Rivers flow to distant seas,
Carrying dreams on whispered breeze."
02a1ca97-a6bb-4496-b681-e2356a43cc0c,"Mountains stand in silent grace,
Watching time's eternal race."
affce4a1-e0b1-4efe-bfbf-da6faf3bd17c,"Flowers bloom in spring's embrace,
Painting earth with vibrant lace."
